String,1,2,3,4,5,6
MGTLRSFDQFANAVLEGACERVIVGDLYCDIPLG,0,0,0,0,0,0
MQMSFRSIVRDVRDGFGSLSRRSFDVRLSGGGKS,0,0,0,0,0,0
MSFRSIVRDVRDGFGSLSRRSFDVRLSGGGKSNS,0,0,0,0,0,0
MVKRQRTAFPPNFVHSLDGSHMMMTAVACKKAGL,0,0,0,0,0,0
MKSRSGSAHKMLLEFIAGILTTMVGALLYCLFRR,0,0,0,0,0,0
METSEWHIERRSSFGSESPLAREAGNVPETGSLS,0,0,0,0,0,0
MSSSFNMSSSSSLVFLDLSSNLLISSTIFYWLFN,0,0,0,0,0,0
MEKMNKAFEKVKIMVGMDAEDEDQQAAALNSSNS,0,0,0,0,0,0
MYYSSKQRIITWLILIMIVLYILYSSNFLLLTKV,0,0,0,0,0,0
MNSSIYILVFVQLWLLSLPCRESVCIPSERETLL,0,0,0,0,0,0
MERLFWMVYFFKASMFANATCAMEDATVHSSYQI,0,0,0,0,0,0
MQEMKEKELKYLGNGNANSHVCKVCFESPTTAIM,0,0,0,0,0,0
MSSVPARTGRQRQRYEDNLRLVSGCIPYRWTKDN,0,0,0,0,0,0
MEVLPCSGVQYAGGSDCSQSSSGTMFVNQGESGG,0,0,0,0,0,0
MEKLASSSTATVVPTQHFLFQFHQHSLFFFPKTA,0,0,0,0,0,0
MVKYSREPDNPTKSCKARGADLRVHFKNTRETAF,0,0,0,0,0,0
MQIFRTSVTTTIVMKLMITRELDTTTLNPIRVMQ,0,0,0,0,0,0
MSFDHTKLFTSHTIHTVNYHETNQQKTKELDLRA,0,0,0,0,0,0
MRLRLFVSCPRVHSWELWLGRWIHAYMRKCGVEV,0,0,0,0,0,0
MSPSRFRYCAQIPVKCPVSEIIKSRRVQGRECYE,0,0,0,0,0,0
MPSFSSLRTFRVSVFSHFLLSYPPIATATLHYQS,0,0,0,0,0,0
MSQQRQTQMVGGNNPDQYNDTTFTKIFVGGLAWE,0,0,0,0,0,0
MGLHARRYDSATGTVPPLSPTIFIPPPQLLHHHD,0,0,0,0,0,0
MLRSSLSRRIMVSAPASPVTERSPRSQAVPRRTV,0,0,0,0,0,0
MAAKTRSLASIYDVFLSFRGLDTRHGFTGNLYKA,0,0,0,0,0,0
MKLLDVGSDDLVHIIGIHGMGGLGKTTLALEVYN,0,0,0,0,0,0
MAGRGSLAGLLPFSDANAVVLDMANEVLPVVKKV,0,0,0,0,0,0
MEMQDQIESTRSTIFGSASNIHSNGEKQSENVAH,0,0,0,0,0,0
MTDKNKSSPTRSTVVSPTSPQSSCGSNDINQDGN,0,0,0,0,0,0
MYNTIINSLCKNKLLGDACDVYSEMIVKGISPDV,0,0,0,0,0,0
MDGNGTLFGTLTGNTREVLHKFTVDLPKKHGRGG,0,0,0,0,0,0
MAAAAAVTVLLPPRIPTATNVTRCSALPSLPPRG,0,0,0,0,0,0
MRTAALPTFKKLYGKIETGNIEVNDEVMLVIENN,0,0,0,0,0,0
MSCYSLKLFYALLLLLLHAAGSILGFNSLPNSAE,0,0,0,0,0,0
MMEDFWSMFCGDRDCPGTRGKTFCHDLKFLKDPS,0,0,0,0,0,0
MVLSWLKWFLSRMSFWWLNPLMKRGQEKTLQDED,0,0,0,0,0,0
MPENCIAPKPEHNNNNTTHPEEGPPEMTETVLPI,0,0,0,0,0,0
MAAPPPPPPSTPSFLSPTQRYAAGALFGLALHEA,0,0,0,0,0,0
MQAMGMMGSPNLTSQLRANGAMVYAQQLRMSQGQ,0,0,0,0,0,0
MGVIDFYNTGALCWVKSNANLKQQVGLAPRPICS,0,0,0,0,0,0
MLNFLWRMELIPLHCSMGFNYIQDQKFRFLTVHA,0,0,0,0,0,0
MSMAMVHPSVHPIEAPPMTEHAIAIAMPRHTLKD,0,0,0,0,0,0
MGVEQDKGVSVKDYLVDKLRPGDEDRALSEVISE,0,0,0,0,0,0
MELFTPPCLKLLFHSLVILFLLFNHANTQSQSQL,0,0,0,0,0,0
MELDLRSFLHSPTSSDDAPHRTIDDILNDCDTSS,0,0,0,0,0,0
MSASTHDQFAATLIFLFFSHFLRGSNSATFSIVN,0,0,0,0,0,0
MLDGILGRGFTAKCKSLIKLTNRRIDVIRRKRRA,0,0,0,0,0,0
MTLFVASLSSFSLLCALKLLRCCYHDPLLLLFPL,0,0,0,0,0,0
MFGRAYAAIKQTEMAENAIHVVMLPWSAFGHLIP,0,0,0,0,0,0
MPFLSLTMMSNIAFRLTLVFLLFSAVLSTPPEDP,0,0,0,0,0,0
MAQNGSGDRVVVDNGFESIDDAYDHEHKLSQKGS,0,0,0,0,0,0
MSEEIAKQSSDPSHFKDPKLGWIIGFLFVVSFLG,0,0,0,0,0,0
MSSTQSKPSSVNARGMALPSEPHRRRRHNHNHIS,0,0,0,0,0,0
MAYRYHLVDFSQPYVESGLDMVVREQSTKSKETW,0,0,0,0,0,0
MEVLNPIEGKTYKLPVGYRFDPSDEILAGYYLRK,0,0,0,0,0,0
MRESELRESERGEREWITVRNRRRGRVRVEQPTD,0,0,0,0,0,0
MAASTMALSSSSLAGQAIKLAPSTPELGVGRVSM,0,0,0,0,0,0
MARYDRAITVFSPDGHLFQVEYALEAVRKGNAAV,0,0,0,0,0,0
MSFLNILLNQSFHPNFAPFFSCHIGIMGVHKSRF,0,0,0,0,0,0
MVLQTSSLGFIVRRHPPELVAPANPTPHEVKLLS,0,0,0,0,0,0
MAVGLSAAITMKSLLRFHQPHLNLPKSIPTTLPF,0,0,0,0,0,0
MSRLMEPLVVGRVIGEVVDIFSPSVKMNVTYSTK,0,0,0,0,0,0
MLPLQFGTHPPPSLFLSSSNSNACCSSSRLLYHH,0,0,0,0,0,0
MNDLEIVFNRGRVPIATWNKTLLASNLQSSSESC,0,0,0,0,0,0
MESVLSHVGAGFFNGMIPRGVLGTHFKASSFVGV,0,0,0,0,0,0
MTDTIYWITFTIRRTHTGFSNAISPSAIECDPQS,0,0,0,0,0,0
MEIACDANQLDADVLLPPRKRLLAGLKKQGSDSD,0,0,0,0,0,0
MFVVGDCSGFTNLIATTIIRHITPEEKVSLIDLI,0,0,0,0,0,0
MKGRVRWDEANIGEIEANKPVRQKITEPKTPYHP,0,0,0,0,0,0
MECSQFSVFLLLSIFVGICLASTEEQERDRIAKL,0,0,0,0,0,0
MENIRELCLSHSSITELPFSFQNHAGLQGLDLSF,0,0,0,0,0,0
MEAYRKSHRGSSMRGKSLPFYRNAPKLASSTTVQ,0,0,0,0,0,0
MDSNACLPHLLVLAITLVLVSHAMEDSAQDKQRC,0,0,0,0,0,0
MASSRPANVGILAMDIYFPPTCVTQDALEGHDGV,0,0,0,0,0,0
MIEGGRIRLKTWQQAAVAVGSAVGALLDPRRADL,0,0,0,0,0,0
MEFASFHLQQHQLQEESAQFSIISTTPPPDSKPS,0,0,0,0,0,0
MTDSLRISTRQAFGFNNGKSLITQHPVGDNNSLF,0,0,0,0,0,0
MIMEPNPTSDHSLDWFEGSVSYFPPLLDYPYDSG,0,0,0,0,0,0
MEQPPSSSLQVETAQQPGPSPLRKMFAVSSIAAG,0,0,0,0,0,0
MRIRKNAKLSPLLFSSSLSSSSSSSCVQGGSVPL,0,0,0,0,0,0
MGEDSREFGKSTKINHKMEEVQREEEIDPESNPL,0,0,0,0,0,0
MGCVVSAPKDSGGNRRRPGSIGELSVYVPGLRIP,0,0,0,0,0,0
MKYQENNWVAELYKKRNMWSPAHNHGNFFAAISK,0,0,0,0,0,0
MSQTNTKVPFLRMKLLWKSHVRVQVIRLVCALLL,0,0,0,0,0,0
MINGNGTQTEYWGESSGSTSHSSQQDVEDDRMIA,0,0,0,0,0,0
MTPLRVAGGLTQSSSNSGIFYQGDGQSQNVVNSH,0,0,0,0,0,0
MAANSLLRSSLLAPSSSDLSKVFTNASGCNLKSK,0,0,0,0,0,0
MASERILKPSKWFSNKTLRISLHRRRSRSSSNNS,0,0,0,0,0,0
MTDSDANHNDPSLDTDAEAPNDVEDDVKLRSRDQ,0,0,0,0,0,0
MAKRNCVVILSSEDEEEDGFIVRSLSSSHSYNTK,0,0,0,0,0,0
MGKRLQNATSSGGEIPPEKRIRRSKTICSCNSPR,0,0,0,0,0,0
MLGLFMEIDPKLWSDPTHFNPERFENESEVNKLL,0,0,0,0,0,0
MSLSLFFLLILIFSSSTSSSTTIILQGNTTLKSP,0,0,0,0,0,0
MTSENVDWKLRVGLEFENIERSLESFATGYLGEG,0,0,0,0,0,0
MDRQENLLAFSMPSQLLSIDEELWRMAEERAQEI,0,0,0,0,0,0
MVLDPARLVLVLLISTCILAINGDTDPNDVTSLK,0,0,0,0,0,0
MNSPSQLNWNGDDPCGQSWQGITCSGNRVTEIKL,0,0,0,0,0,0
MPHLSSMCSELIGFSRSLKSCFLATQGHNLIFYS,0,0,0,0,0,0
MLVLKNKVLHLQGYTIILFPKSRRKLEKQLIKEF,0,0,0,0,0,0
MADLASYGKAYRDIEQQVLIALKKGAQLLKYGRK,0,0,0,0,0,0
MTMKDSIVLYSALGRGHLVSMVELGKLILSHHPS,0,0,0,0,0,0
MITIYNTVPSNLQKMFHYNTKFAMVLTFFIFMFC,0,0,0,0,0,0
MFSSRGNMAMASPSSIFSVYASMTASIMLLRSVT,0,0,0,0,0,0
MAKRVPVGELLVLVLLLLAPKTKAMSITGGHNKS,0,0,0,0,0,0
MVVTKALLLPPHPHPFCSLPIPTKLGIRPFFTFH,0,0,0,0,0,0
MIFLGMTSTTSSSPLIASKRSCVMKWKVGLVHAT,0,0,0,0,0,0
MLASPSENRTRCRKRKRDSPISRRHQKHEEEEDD,0,0,0,0,0,0
MAFAHYLLAVPVEPSPNFPTNPPKPNPSLSSSSS,0,0,0,0,0,0
IDSHIKRLDEDLNNFAEDLKQEGKIAPDEPAILP,0,0,0,0,0,0
MMGINTFSSGSYNVQVGIWRSNIFILLLIFHSPY,0,0,0,0,0,0
MNLLLLQSSCNLSFYFQTASPLYACYHCHMKGKS,0,0,0,0,0,0
MMTVEEKPDVTYNDVGGCKEQIEKMREVVELPML,0,0,0,0,0,0
MEQENQFFSLSDPNLILRLSLSMGGSIENTRFGA,0,0,0,0,0,0
MRWIFSIHYFPGYEFNPVSIKLMLPMQTSHATSQ,0,0,0,0,0,0
MSPTTCYYKCCSISATLITTSFANCHTKKFLLSS,0,0,0,0,0,0
MERYKILRELGDGSCGHVYKARDMRTYEIVAVKR,0,0,0,0,0,0
MAAPKVNEKLLEDLEVMGFPKARATRALHYSGNT,0,0,0,0,0,0
MRMKAQSLRVQERKRKEEEEKRLEREREKERIQA,0,0,0,0,0,0
MYLPRHHILTRLSPYRRHFSHSAAAVLRPPEPEP,0,0,0,0,0,0
MIAKLPKLRELSLSNCSLSDHFILPWRPSKFNFS,0,0,0,0,0,0
MDFRDAWAGFFLFCSFWLVTFCEQDGFLSLSCGG,0,0,0,0,0,0
MNYVSLQRTLRSCAGLDQLKRIHALCATLGFLHT,0,0,0,0,0,0
MGAGVSTTAIENDDGGTFSLSTKTTLDDIPENCI,0,0,0,0,0,0
MISTWPSKVNHLVVPRFEIGPSGVTDQNRRRRVK,0,0,0,0,0,0
MSGIIHKIEETLHVGGHKKEEEHKGEHHGGEHKG,0,0,0,0,0,0
MKKIVLKLEIHDDKTKKKAMRAVSGISGVETVSV,0,0,0,0,0,0
MLYKIEFFGVIFSGVETVSVDMNDLKMTIIGNVD,0,0,0,0,0,0
MKSSDEMHNKIVMMKQSFFDEGFLIPTQFQELEL,0,0,0,0,0,0
MSESKEENPDLLLKSKAQEEHGFVMDFGIGLESL,0,0,0,0,0,0
MTASENPDGYCLIKERMTQALRHFKELTEQNVLA,0,0,0,0,0,0
MHDASLSCLFSQKIRYICCSVTSIVPLYCHRYNL,0,0,0,0,0,0
MPPSYCVKERKPCVRWVEKYFKDCLCNLKDEISF,0,0,0,0,0,0
MASSSSSLLPRSHIPTPLISKISSSPRTWSLFIL,0,0,0,0,0,0
MAAVSGGGSEIWKAHTAMAMVQLFNGGYHVITKV,0,0,0,0,0,0
MIPVSLEKSDENGELRSYASWLGKHPSALGNFEE,0,0,0,0,0,0
MVCNLQMRAAVCEVANCFPTAIVSGRSKDKVYEF,0,0,0,0,0,0
MDISTPSGSSKYEEQEHQIKAVDEKGNPVVHCHP,0,0,0,0,0,0
MGEHEGWAQAPSGLLPNGLLPNEAASVIQVLDSE,0,0,0,0,0,0
MKVAQVLHMNGGVGHASYGNNSLVQEKVICLTKP,0,0,0,0,0,0
MSNMIEVRVPNLDCEGCASKLKKALFKLKGVDEV,0,0,0,0,0,0
MLYLVRRRLRHIAMRFYLCLMSRPSGVLFSTYSH,0,0,0,0,0,0
MSRPSGVLFSTYSHWRVLQGSEKLFQLVSDSSKT,0,0,0,0,0,0
MGDQALNLKVLVIFFETWKEFVSCQVASRIGCFH,0,0,0,0,0,0
MSGKASVSKELHAKHTKILEGLVKLPDNRECADC,0,0,0,0,0,0
MSMLETDQIKQLNDIFKRFDMDQDGSLTHLELAA,0,0,0,0,0,0
MGSPKMDESETQKVDMGRKERASIATILRYSDWI,0,0,0,0,0,0
MPLNSIPWCHLKLILLSALLLFCCSLDLCSAITD,0,0,0,0,0,0
MSFQDIQGGPNPPSRRNQSPSQAVAAGIFQINTA,0,0,0,0,0,0
MDEDFDMAAAEPMGEDFDFAGSGSNPVLKVGEEK,0,0,0,0,0,0
MEKNWVLRWIFVVGLMCLSVEGIGVNWGTQATHK,0,0,0,0,0,0
MRPLFRFAQLARRHYKASPPPPPPTPPKPPKKPQ,0,0,0,0,0,0
MDAVDKTFSELVSIVKSWLPWRSEPVNVSRDFWM,0,0,0,0,0,0
MPLGSSINHSTALYSSIVASGKSIPESHRNKLLS,0,0,0,0,0,0
MNSRNSLKWLTRRRVKDFFLVADGDNVGPRAQPF,0,0,0,0,0,0
MSFSFSLSRRLSSSPSLSIPTFPPSLPNPTFTLC,0,0,0,0,0,0
MKSLAVAWFMVFMISSEHGINVQGSTRLSILRIS,0,0,0,0,0,0
MTNPIPIRPWSRLASLRSVPAPESHPKPHTAELS,0,0,0,0,0,0
MQIFSSDCSIAMARKMLIDGEAELAQGGGEEVSN,0,0,0,0,0,0
MARKMLIDGEAELAQGGGEEVSNFDFDLFIIGAG,0,0,0,0,0,0
MSAPSPSSSPAPPPELSSSAPPSSTSPLPLPSPS,0,0,0,0,0,0
MESVTTRPSPNVVGVANSKHGVEWCGHFQMPLHY,0,0,0,0,0,0
MGAIRQQPSEWVKGKLVGCGSFGTVHLAMNKYTG,0,0,0,0,0,0
MDWDGKEFAWDPRGLELANGEGQKSEAASVDLRL,0,0,0,0,0,0
MAQFTTQGRLKLLFNGEGVSSVLEHNKDPFLYNK,0,0,0,0,0,0
MSVSAILLLVEILSSIGVLEFTAAAPLVAPIVGI,0,0,0,0,0,0
MEGRQILSRFCPKSSSVSSIPIVKQQYSLKFPLL,0,0,0,0,0,0
MVVTTTKSSPMAQDLKTSMSSFTLPKTLKLKTKQ,0,0,0,0,0,0
MCSFQFSIQLTPELSFSTEPNIQHTSTKIHDQHL,0,0,0,0,0,0
MSSYFEERAPCCGSHFWILLSMCWASVLFAAITS,0,0,0,0,0,0
MSPYHGHSSQRFFIFLLILAFRGVRVTATTFTFV,0,0,0,0,0,0
MQFISYNKHRHEQCTLIDLLVRTIVINDFREANT,0,0,0,0,0,0
MATTMPKFKRKLVMGANGRTNPLVWLVAIICTII,0,0,0,0,0,0
MPKFKRKLVMGANGRTNPLVWLVAIICTIIAVAV,0,0,0,0,0,0
MWVVVTLDFIETVKKAVGDGRRLRFGWSHGLGER,0,0,0,0,0,0
MPQLHYPVTGLCRHPQPSLPTATRFRNQPLPLKV,0,0,0,0,0,0
MGKYFRHLYLLILSLQYVFNNGQMDIGRPKDLVE,0,0,0,0,0,0
MDDPFACYIFSHASVLNLRFVNKYIHQVVTKAVK,0,0,0,0,0,0
MTTTHWVWILFLVVILVSTKRQGQWNKRTLMAWT,0,0,0,0,0,0
MGRAFVYVILGGGVAAGYAALEFVKKGVSHGELC,0,0,0,0,0,0
MSHSHRAEDKYFFAHTQRNFTQQNSLSFSHFLIM,0,0,0,0,0,0
METFSISRNSSSLIILTRPSTRHKPIFLPQRHGS,0,0,0,0,0,0
MSSSSYFSDSNPQWIYDVFINFRGEDTRRNFVSH,0,0,0,0,0,0
MASAARLTFFAVSMVLLSSVAIATDFTVGDGTGW,0,0,0,0,0,0
MSSFSITRKKTPFQKHREEEEAKKKRAEDETARL,0,0,0,0,0,0
MRMEYLNLMYFQYLILCICKELATTKERTNTYAF,0,0,0,0,0,0
MALKRINTELKDLQKDPPVSCSAGPVTNDMFHWQ,0,0,0,0,0,0
MAQVPASEATAFWTDEKHVHFLNSMEASFVRTML,0,0,0,0,0,0
MEGQTSDSLNEQQCLETKLTNMLQNVEPPEMYGF,0,0,0,0,0,0
MESATASSSESEMALPLPLASESQQPYVSELLSF,0,0,0,0,0,0
MQPSLETSLQPYFLYFEVILKEATIMVNSMSFLL,0,0,0,0,0,0
MSKQPIDPFRHINIVLNPNGTLNRLRHIPSTAPS,0,0,0,0,0,0
MQTALTFAAPNVVPLAPTKSVSHITIFPTKLKAP,0,0,0,0,0,0
MVVSGSSPLTSKRRRVTNFCSTDMDAETAKAKLA,0,0,0,0,0,0
MSAVNLNTWPRPSFILNQTATRRSRSSPTSHFFH,0,0,0,0,0,0
MEAETNSPEDASAMAFGQHQVTDQTSVENVQPAE,0,0,0,0,0,0
MPEDKALQTIPNTTSVGNEAIDDSSQEERQPEAE,0,0,0,0,0,0
MSSSGFPGGGGASEFFAGVGGFGGRSIPATSMNN,0,0,0,0,0,0
MMATKYQLQPQSNINLRLYICMSCFHGCRCYVSH,0,0,0,0,0,0
MTFSFSFQYHSFMDNLAAPFHHLNPYFVHNPQTH,0,0,0,0,0,0
MGASQSVQVVEDSEEEEDERNLNGPLMGRAQLGN,0,0,0,0,0,0
MGRSLSPLVRQELANLEKDEDSRKSAMKALKSYV,0,0,0,0,0,0
MDPQPEPVSYICGDCGMENTLKPGDVIQCRECGY,0,0,0,0,0,0
MNHIKSCTRNLGALTSSPKRHLYVDASMIKTGFD,0,0,0,0,0,0
MARRNSGKHLLVGEKEDYNKLAMDDENKKWMHKE,0,0,0,0,0,0
MIGIHGIGGIGKTTLAIAVYNLIACHFDGSCFLK,0,0,0,0,0,0
MPVTLGTLSNLVMLDLSSNLLEGSIKESNFVKLL,0,0,0,0,0,0
MKDKCGIIVNCTLWEDFAFLLKDYLDKHENVPVI,0,0,0,0,0,0
MYGSRLFTNEDLKDIEDYKNGVLIKERASDIKQQ,0,0,0,0,0,0
MVYCSHCAKNVAGERLDDGFLCCGSCGRVLEDYF,0,0,0,0,0,0
MNTITLLLLFPFFTQFLEVEPARTKLPGKTRFPI,0,0,0,0,0,0
MAVLFATHVLLLILSTATTLHFSASKAARLNMTC,0,0,0,0,0,0
MVGGNINSRQYNDTTSTKIFVGGLAWETQRDTMR,0,0,0,0,0,0
MALHDLPFTPMTTISLFIILFSLFSTPSHSALTC,0,0,0,0,0,0
MKFNSRNWVTLIASVWMSFTVSVMEGVRPLPNPL,0,0,0,0,0,0
MPKKRKSIATSLDEVDRTLYASFCTAANSLSQLY,0,0,0,0,0,0
MACSSAQIHGLGTPSFSRTLFLGQRLNTKAAFIK,0,0,0,0,0,0
MSSRGATAVLSRASRIRSKLQTALEATVLEVDDV,0,0,0,0,0,0
MASSCASSAIAAVAISTPSSQKNGSLLGSTKASF,0,0,0,0,0,0
MVTIHCSHLVVPSEPTPSSTLSLSLCDQIKLPNH,0,0,0,0,0,0
MHPINTGDDSTLSSPIPQYGQISNSCLIETQDPS,0,0,0,0,0,0
MYYQQQQQAKNMHALRMHSPTERHMMLQGGNGAG,0,0,0,0,0,0
MDVDGGNKRVYNRLGGDAKHQKVCFHWQAGKCNR,0,0,0,0,0,0
MATSLLLLLFITCFSLLPSSYSYSSPFPPSASFL,0,0,0,0,0,0
MSHSGLEEMGNEKKKEVIRIERESVIPVLKPQLI,0,0,0,0,0,0
MQVMKKSNFKIATQEEIDIALSGQYILNLPITVN,0,0,0,0,0,0
MKKSNFKIATQEEIDIALSGQYILNLPITVNESK,0,0,0,0,0,0
MEELIISPSSSSSLVSLSQENPTPTLQQKLQFLL,0,0,0,0,0,0
MIYMQNQQLHLFSIYPCVIMNSSSIYILVFVQLW,0,0,0,0,0,0
MNSSSIYILVFVQLWLLSLPCRESVCIPSERETL,0,0,0,0,0,0
MGQSPRHCVCQQILFVLFRLRGILIFAEVWERFK,0,0,0,0,0,0
MAWSLTLPPPSSLSSSSSPSFPTFHHHHHSLFFN,0,0,0,0,0,0
MATTEETRKKEGSNLLGSPNFTELGNGRFKCLET,0,0,0,0,0,0
MGINICLSLCFFYITTLHRTISTLAQSENYIIHM,0,0,0,0,0,0
MNRKNMESNGESHSSRSGSFREGFGLAPNEAKVH,0,0,0,0,0,0
MGTTKSLRERERERGKMRYGGGKRRRVALKPFFV,0,0,0,0,0,0
MQDGGRNGGGFHKWCREERVPQSEKDDSESFSRQ,0,0,0,0,0,0
MAGGANFVQRVLSYVVNEVVVNGLANSPAFQRFA,0,0,0,0,0,0
MWEALSQVLYLNLSRNHIHGEIGTTLKNPISIPT,0,0,0,0,0,0
MPSWWGKSSSTKKKANKESFIDAFHRKFKIPSEG,0,0,0,0,0,0
MSSTSPKRRPLSNHVTNLQIPPHGAFFSAPDSSR,0,0,0,0,0,0
MESARISQWLNLLVCVLLLLKAEGSSVPLTLVEN,0,0,0,0,0,0
MMILSPKISRVDDEDVSSSGLTKDSQELCVTDCG,0,0,0,0,0,0
MSWMSVDEFLVQCKKSGDAAYASLRSLLERLDNP,0,0,0,0,0,0
MFPWANTRVCMYVLPLPIIVSLMHCIAGHHGRNK,0,0,0,0,0,0
MSKMITENASEEFLHSLSNYCALQGFVEDQFGLG,0,0,0,0,0,0
MPSFSFLRTFRVSLFPPYPPIAIPTATLHSQPHS,0,0,0,0,0,0
MGKHSTLISKEGMEKMLGRNCGKLKTKIVCTLGP,0,0,0,0,0,0
MEKMLGRNCGKLKTKIVCTLGPSSRSVEMLEKLL,0,0,0,0,0,0
MWMLSQSKPLRSRTYLLHFTRRRCHCNSQNDAAS,0,0,0,0,0,0
MGLPLLSSALWDPSHNCVSSSVEFIRPLLSASKS,0,0,0,0,0,0
MSIIFLLVLCNLLMSRILENCPERNCCCSGAHFN,0,0,0,0,0,0
MGTDGSELVETLPNPRSFKVHRTMCAELRKLVDR,0,0,0,0,0,0
MQALCLLNEAIDKAKQLLLYCSESSKLYLAITGD,0,0,0,0,0,0
MTQYLITTRSTFQSMLFQWLCTQDFERIDGWFLP,0,0,0,0,0,0
MRKKVMIVILPPTLGILILALFAFGVSYHLCQTS,0,0,0,0,0,0
MARVKHTPASRKSGKKKAPRASTSTQPSLSSSQS,0,0,0,0,0,0
MVFIFPTLLSMKLQPLLLLLVMYFCAFAASSEIA,0,0,0,0,0,0
MGSIAEEEAMPNLVGSEERILVSVRVRPLNEKEL,0,0,0,0,0,0
MDRVFRTDSPTKQVYEEAAKEVALSVLSGINSSI,0,0,0,0,0,0
MSGITDFAIADIFNYIEKHTEREFVLKFSALEIY,0,0,0,0,0,0
MMIFFLCMSSRQWGAWRIISLTEILTLNHFLGTP,0,0,0,0,0,0
MEEAEKELERRSKFLNSLIQKKKKGIEQHEHESF,0,0,0,0,0,0
MVSSKRNVFGTKGEMGIDFMVLVLSVSWFCLTSI,0,0,0,0,0,0
MPSFSFLRTLRLSLFPPYTPIAIPTATLHSQSHS,0,0,0,0,0,0
MRQVKQIHGYTLRNGIDQTKILIEKLLEIPNLHY,0,0,0,0,0,0
MAMKLKYLSSIAEDVIKRCSQKLDTSVEKLVEDF,0,0,0,0,0,0
MFLKEMDKCIRHLQKHATPNGVELAEDEYILHVD,0,0,0,0,0,0
MLRTLARVFKRATLANDLLQKRSRFYATTVGGRS,0,0,0,0,0,0
MLRTLARVFKRATLANDLLQKRSRFYATTVGGRR,0,0,0,0,0,0
MYVAEKLNKGDSSACLMQQQPFCYASGFPKEANK,0,0,0,0,0,0
MEESGDARDLQKPFLHTGSWYKMGSRQSSIMGSS,0,0,0,0,0,0
MMVLDVLSGPTGTAISQTVDTIADFLVTANDVLV,0,0,0,0,0,0
MAHKTLFKPSLILTLRLNKTAISFSHHHPFRHSQ,0,0,0,0,0,0
MMRFYTTSAKPFHSDHYSRLVSLIDSCKSMQQIK,0,0,0,0,0,0
MKMTLVTLVLVFALITKALAGPASEPVLDALGKK,0,0,0,0,0,0
METQSDGNEDTIAAIKDMRQQLEARIESQHKAHM,0,0,0,0,0,0
MSLILCSCKSLCFPKCSLPLNHISNNLRNKPHAN,0,0,0,0,0,0
MARPLVMIHPLPNNYSHIGFTLVSLMVCAIALLT,0,0,0,0,0,0
MMMDPRQREKLLHKTEACAFVAGVVPELSLVTVP,0,0,0,0,0,0
MKVVYLLVALLALTSTVVSAYDPSPLQDFCVAAK,0,0,0,0,0,0
MGRVQVNNKEEFSQMENDDFSDSQLVRHFRGVLV,0,0,0,0,0,0
MYADRMEGGARRPVKERLNNGNGVIGSTRQQQQR,0,0,0,0,0,0
MVFLTGWLAMSAPMIIDPMVISAPETQSAAAAAS,0,0,0,0,0,0
MSAPMIIDPMVISAPETQSAAAAASILVAQSEVE,0,0,0,0,0,0
MTSVTQSTGMLTREQLFHLFDRFIFLTSKPDVKK,0,0,0,0,0,0
MVEAVATVGGGGGREREREMSRLRRLIQASVDAT,0,0,0,0,0,0
MGRRPCCPKEINKGAWSREEDETLSKYVSIHGEG,0,0,0,0,0,0
MDSRAVQTHSHEHHHNSHNVGSHAVAHGEEQHHH,0,0,0,0,0,0
MRKRQSIAVLLNTFVTFASIVIDDDQPKHSLFNK,0,0,0,0,0,0
MHSAFSLVLSFQSAVVKMLTIIRTLLEHMVLRSM,0,0,0,0,0,0
QIKDVSDAIQKVAAAYDCKIVEGVLSHQMKQFVI,0,0,0,0,0,0
MHLWPTKNLRDSFKHSYLKRLEWNYQRMKAEKDQ,0,0,0,0,0,0
MKTWKAMTVLPLGEDPPAITSLCFNHNGKILAAS,0,0,0,0,0,0
MPSGSRNPLVVGRVIGEVIDPFESSIPFRVTYGN,0,0,0,0,0,0
MVFTFPTLLSMKLQPLSLLLVMYFCAFATSSEIA,0,0,0,0,0,0
MREQEDWRITTALLTLLLVFVSSFPALSYGVVPP,0,0,0,0,0,0
MTSTMQLTMVKGTIPVALSRRVCCQCQASLWPPW,0,0,0,0,0,0
MSGGRRRKLRLSKIYSFACCKASFEGDHHSQIGG,0,0,0,0,0,0
MTMMSSSNNNVGEFGDTTLTKVFVGGLAWETPKD,0,0,0,0,0,0
MVSGSGICAKRVVVDARHHMLGRLASIVAKELLN,0,0,0,0,0,0
MEIISPFHLFTKIYSVMQIVWENHFRKTLLECLL,0,0,0,0,0,0
MVSFLPLKLVAKFDVHIHKVWCLIMLRVGSMRYF,0,0,0,0,0,0
MLRVGSMRYFYLYLVVLTWFLSIPSTHELQLAQT,0,0,0,0,0,0
MLRSLLKSPDGYLPTEPKSYAGISDPAKGGNPDI,0,0,0,0,0,0
MSPPSQKYASKNDPKKEHESVSNQLGNKASPSGK,0,0,0,0,0,0
MVLREANRVKNKQVYSQVELIMWEENLQQQILLL,0,0,0,0,0,0
MTHEDWDLFAIVRSCKAATFTATTNTETPPTPAP,0,0,0,0,0,0
MVFIIPTLLSMKLQPLLLLLVMYFCAFAASSEIA,0,0,0,0,0,0
MELFLLKLVPYPISTLLTCPLIISLVAFPIPLVI,0,0,0,0,0,0
MLSLRLTSFTHLFSPPSSAVIARRSPAILRRRHH,0,0,0,0,0,0
MATLLRKLCESATMKRSGSHSHPHPLPSSEQARP,0,0,0,0,0,0
MKFTVSNLPSSMFLLVFFIALVSHTHGSKIDHHR,0,0,0,0,0,0
MSTEAPKRDQWQWENATAGAAAGFATVAVMHPLD,0,0,0,0,0,0
MKQKVVLKVDLHDDRMKKKAMKIASGVTGVELVS,0,0,0,0,0,0
MKKVVLKVDLHDDRMKKKAMKIASGVTGVELVSV,0,0,0,0,0,0
MEPESGTSTSRNPSQLSWVNLSRNLLLAYQSFGV,0,0,0,0,0,0
MVIGDGVLTPAISVLASVSGLKVTEKKLTDGELV,0,0,0,0,0,0
MNPKCHQADSDIVHKGLAQYPFQRTKLQQICVGF,0,0,0,0,0,0
MWCFLLCSHLLILYFLPSHSLCHPHDSFALLHFK,0,0,0,0,0,0
MSVSERVVHLAFLPSAGIGHLNPCLRIAALFLRY,0,0,0,0,0,0
MSCFTSEKSTMSSQLQMVPLSKLRYQRLRHEKGW,0,0,0,0,0,0
MSRKENLISELHPRKGTWKIAVRITDMWDVKKHN,0,0,0,0,0,0
MLLYTRQFMLVVPGYSSFEIQILGKFIASGCYFY,0,0,0,0,0,0
MPRISFDLSHINRFNTTMSFSFSLSRRLSSSLSL,0,0,0,0,0,0
MLLLRHIPPIIEFGKILGSLVKMKHYPTVISLSK,0,0,0,0,0,0
MANNVVVVLKVAPVSLPPFPITNNALTFKSQRHT,0,0,0,0,0,0
MGNCLRKAHADDDSDHIVELASGNVQLITTKESW,0,0,0,0,0,0
MGGGKDKHHDESDKGIFSHLAHGVAGAAHGGHGY,0,0,0,0,0,0
MKQEEWMITTALLSLLFVSSFPPLSYGVVPPRTL,0,0,0,0,0,0
MSWINLKGALPLSTKHLFMQYSFLQDASSRNRRW,0,0,0,0,0,0
MESQTQSELPVVDFTNKNLKPGTDAWVSASQVVR,0,0,0,0,0,0
MDRREKSLEGGDKRGCGLMVEKLREGVSVGKKGG,0,0,0,0,0,0
MRQHKQVSSINRRPTVLYLVCVAALFSLLLFYTQ,0,0,0,0,0,0
MLVGFLNVDVTNFMIVIGLSFFRFQVGVRVDNFS,0,0,0,0,0,0
MKVAHVLHMNGGVGHASYANNSLVQQKVICLTKP,0,0,0,0,0,0
MMFLIMIMYCSLCLMMKSTTSLEEFWMMSLFLIS,0,0,0,0,0,0
MLQDMWNAPPGFRPSKSAPSSPAKPLGMVPRTRS,0,0,0,0,0,0
MDEDQEMERFGMENDYEGGQWIGGEFYYKNRKEK,0,0,0,0,0,0
MADPTAIYEFFKQQPSNGGGKRAPPPSSAGGTTR,0,0,0,0,0,0
MDFTAEKKESESNTENAHPTTLDSSSQLASALDS,0,0,0,0,0,0
MGIIEKIKEIEAEMARTQKNKATEYHLGQLKAKI,0,0,0,0,0,0
MVDTLEEKVTPDMKKDPIVVVVGTDAQPGNDLAE,0,0,0,0,0,0
MEQQSVLTLFFFRWFSIVGTVMANGSSDEDTDIS,0,0,0,0,0,0
MANGSSDEDTDISESEISEYEDKSYEELNNGSQN,0,0,0,0,0,0
MMHFFTIGYTQLPSTFCSLKSIFFFASTCSSANS,0,0,0,0,0,0
MIPQAKQNRPRTPPRRRFTPPWMPPHQRLTPSWM,0,0,0,0,0,0
MDELNCAMTTTTTENSNAELVQWERFLPRMVLRV,0,0,0,0,0,0
MIQFRIDIIVFMVYYLMVFSLLNVVIAVPDGLKA,0,0,0,0,0,0
MEVEARRIRRFVPQRPSHRTILPLHASSSSHNVS,0,0,0,0,0,0
MVTTGWYKKMGERIWAPWFIKFIQSRGYFNIYTN,0,0,0,0,0,0
MTVSASFSYDVFLSFRGSDTRYGFTGNLYNALSD,0,0,0,0,0,0
MAILVFSKNYASSSFCLDELVKIMECVKAKGRLI,0,0,0,0,0,0
MFLALLLSTSFSYDVFLSFRGSDTRYGFTGNLYN,0,0,0,0,0,0
MVEISSIVMCIHLTLCETLTNFKNLQNGNMFPPS,0,0,0,0,0,0
MENLILFYLHLQILFLHPCHQYFVPTTRSACILA,0,0,0,0,0,0
MGSKNANGKNHKDKRKKFKDNLNSNHSSTGDAKV,0,0,0,0,0,0
MRSFSSSSLFLLFFFFFSSSLSNPHNTPLTLKGV,0,0,0,0,0,0
MMMKNKVLILFFSALLSSTSYASNVNDFCVADLK,0,0,0,0,0,0
MMKNKVLILFFSALLSSTSYASNVNDFCVADLKG,0,0,0,0,0,0
MPGPAGQKSLSLTGSQPDATASGATTPGGSSSQG,0,0,0,0,0,0
MTRLEDNIKFSLFYVMEITRIGQWLSLLICVLLL,0,0,0,0,0,0
MLNFIVFYLLDTCRMEITRIGQWLSLLICVLLLL,0,0,0,0,0,0
MEITRIGQWLSLLICVLLLLQTEGVPVGITFVEN,0,0,0,0,0,0
MAEPSKVIHVRNVGHEISENDLLQLFQPFGVITK,0,0,0,0,0,0
MKNMFLILFFSALLISSTSNASNVNDFCVADLKG,0,0,0,0,0,0
MGFNLQPYGIQSMLKEGHKHLSGLDEAVLKNIDA,0,0,0,0,0,0
MSDERSKPWNIYPSSNTGPSQTGTGVDEEAPWKS,0,0,0,0,0,0
MLPCDYCHSKPAILFCRPDSAKLCLLCDQHVHAA,0,0,0,0,0,0
MNGYSRISGDDDSSSRRSMDHEGERFGVILGRSA,0,0,0,0,0,0
MAATGARLFSAALFRRYPPSPDGKTNSRRTPIAT,0,0,0,0,0,0
MVNISFLRNVRWRIQICCLSSSSCFFFLKLLGID,0,0,0,0,0,0
MANSRSWTQTWPCFVKLGVLNLVLVFKITALGDV,0,0,0,0,0,0
MIMNSPTPKGKANEIEEDQEEKAMPIWDCGSPLY,0,0,0,0,0,0
MATHICLSLCFLYITTLNLVSTLAQSDNYIIHMD,0,0,0,0,0,0
MKIFNWVHKRFHHHNTLKDGFATNMKKTEPTINN,0,0,0,0,0,0
MDPKGSKQQPQQSQEVVPNFLSLPQQQQGNTNNN,0,0,0,0,0,0
MAFLEFFLISLGASQGLRFSLLSQIVSLVNCLHH,0,0,0,0,0,0
MFSGASSSKSAQSTTPYGTSPFTVSIRKPIAPLN,0,0,0,0,0,0
MIKLVLFLFCFASALTLSVSESKSASVHPHAAES,0,0,0,0,0,0
MPTINPVRFKFMQAIITFMMMMLQVVVSAQDHIM,0,0,0,0,0,0
MKNLCEKDSGPTHLTYYALGRTSWGTSSESDVQQ,0,0,0,0,0,0
MIMNRKMKSTVGVCLLFLVLLEAMCCEGCWKEER,0,0,0,0,0,0
MPTGTNVRIAFSNDAARRAASRKRRMGILKKMEE,0,0,0,0,0,0
MGFLVTTLIFVVIGIIACLCTRICCNRGPSTNLF,0,0,0,0,0,0
MRAENLLQLQHRTQKCTLGCPVLDRCLAGGVPCA,0,0,0,0,0,0
MVQIARRKKGRPSKADLARRSGESQSDPRRSLRR,0,0,0,0,0,0
MDDGRKDTYGVFADPVDLEELPDYLDVIEHPMDF,0,0,0,0,0,0
MDFATVRKKLGNGSYTTLEQFESDVFLICSNAMQ,0,0,0,0,0,0
MQYNAPETIYHKQARSIQELGRKKFEKLRIGFER,0,0,0,0,0,0
MKQVVGMVVSNKMQKSVVVAVDRLFYHKLYDRYV,0,0,0,0,0,0
MVLRFRTLKTQSLSKKQQCLSLLNSCRSMDQLRQ,0,0,0,0,0,0
MTNKEYGDNNKISVCETSMLLVANIIRLSSLRFS,0,0,0,0,0,0
MHKYFTFKTNVVDSSTSISRRGIAEVLMKLLGMA,0,0,0,0,0,0
MHKYFTFKTNVVDRRGIAEVLMKLLGMAILFHLL,0,0,0,0,0,0
MKLLGMAILFHLLGNPRTAPKYISMIFGCMLRKS,0,0,0,0,0,0
MSGTEKAGSGTTKTPADFLKSIRGRPVVVKLNSG,0,0,0,0,0,0
MNCIEISCICRKRQKYFVRMNRKFGGGKQPTGTP,0,0,0,0,0,0
MLPLEHHFHYLPPLTHTKLKPFSRANSRVSLPHI,0,0,0,0,0,0
MMAADQQRIHPVHDVEAPHRPLVPENYAKSDKGI,0,0,0,0,0,0
MSFVFRGTRADIENGFPGFIPERRALRVHATRPS,0,0,0,0,0,0
MFIENFKVESPNVKYTETEIQSVYNYETTELVHE,0,0,0,0,0,0
MTRRKTKLTFIANDTERKTSYKKRKKSLLKKTEE,0,0,0,0,0,0
MNSGTIDFVEENGNGSDSDANSDDAPEYYQPISA,0,0,0,0,0,0
MGCRNRDSITENHTSSSSSSSDSLSEALLFTTMC,0,0,0,0,0,0
MTKKGKGNNNVGNEGFVDTLVILSSDLVQVVAKG,0,0,0,0,0,0
MASEEVLKAVFPFLDGVDLASCMAVDKQWKDIAS,0,0,0,0,0,0
MTKLKELIGIMKDKASQGKAAILSKRATLSLLRA,0,0,0,0,0,0
MGVDYYKLLQVDRNASDEDLKKAYRKLAMKWHPD,0,0,0,0,0,0
